timestamp, pstate, clocks.current.graphics [MHz], clocks.current.memory [MHz], utilization.gpu [%], temperature.gpu, power.draw [W], clocks_event_reasons.active
2026/09/24 09:47:27.286, P0, 1740 MHz, 6101 MHz, 0 %, 68, 19.46 W, 0x0000000000000001
2026/09/24 09:47:27.539, P0, 1740 MHz, 6101 MHz, 0 %, 68, 19.46 W, 0x0000000000000001
2026/09/24 09:47:27.790, P0, 1740 MHz, 6101 MHz, 0 %, 69, 18.02 W, 0x0000000000000001
2026/09/24 09:47:28.055, P0, 1740 MHz, 6101 MHz, 0 %, 69, 18.02 W, 0x0000000000000001
2026/09/24 09:47:28.319, P0, 1740 MHz, 6101 MHz, 30 %, 70, 22.54 W, 0x0000000000000001
2026/09/24 09:47:28.585, P0, 1740 MHz, 6101 MHz, 30 %, 70, 22.54 W, 0x0000000000000001
2026/09/24 09:47:28.835, P0, 1740 MHz, 6101 MHz, 28 %, 70, 23.17 W, 0x0000000000000001
2026/09/24 09:47:29.088, P0, 1740 MHz, 6101 MHz, 28 %, 70, 23.17 W, 0x0000000000000001
2026/09/24 09:47:29.341, P0, 1740 MHz, 6101 MHz, 30 %, 70, 23.08 W, 0x0000000000000001
2026/09/24 09:47:29.592, P0, 1740 MHz, 6101 MHz, 30 %, 70, 23.08 W, 0x0000000000000001
2026/09/24 09:47:29.844, P0, 1740 MHz, 6101 MHz, 30 %, 70, 23.12 W, 0x0000000000000001
2026/09/24 09:47:30.095, P0, 1740 MHz, 6101 MHz, 30 %, 70, 23.12 W, 0x0000000000000001
2026/09/24 09:47:30.349, P0, 1740 MHz, 6101 MHz, 30 %, 70, 23.15 W, 0x0000000000000001
2026/09/24 09:47:30.601, P0, 1740 MHz, 6101 MHz, 30 %, 70, 23.15 W, 0x0000000000000001
2026/09/24 09:47:30.866, P0, 1740 MHz, 6101 MHz, 29 %, 71, 22.96 W, 0x0000000000000001
2026/09/24 09:47:31.131, P0, 1740 MHz, 6101 MHz, 29 %, 71, 22.96 W, 0x0000000000000001
2026/09/24 09:47:31.382, P0, 1740 MHz, 6101 MHz, 29 %, 71, 23.07 W, 0x0000000000000001
2026/09/24 09:47:31.643, P0, 1740 MHz, 6101 MHz, 29 %, 71, 23.07 W, 0x0000000000000001
2026/09/24 09:47:31.908, P0, 1740 MHz, 6101 MHz, 28 %, 71, 23.14 W, 0x0000000000000001
2026/09/24 09:47:32.171, P0, 1740 MHz, 6101 MHz, 28 %, 71, 23.14 W, 0x0000000000000001
2026/09/24 09:47:32.435, P0, 1740 MHz, 6101 MHz, 29 %, 71, 22.94 W, 0x0000000000000001
2026/09/24 09:47:32.700, P0, 1740 MHz, 6101 MHz, 29 %, 71, 22.94 W, 0x0000000000000001
2026/09/24 09:47:32.965, P0, 1740 MHz, 6101 MHz, 28 %, 71, 22.76 W, 0x0000000000000001
2026/09/24 09:47:33.227, P0, 1740 MHz, 6101 MHz, 28 %, 71, 22.76 W, 0x0000000000000001
2026/09/24 09:47:33.489, P0, 1740 MHz, 6101 MHz, 27 %, 71, 22.75 W, 0x0000000000000001
2026/09/24 09:47:33.740, P0, 1740 MHz, 6101 MHz, 27 %, 71, 22.60 W, 0x0000000000000001
2026/09/24 09:47:33.991, P0, 1740 MHz, 6101 MHz, 27 %, 71, 22.60 W, 0x0000000000000001
2026/09/24 09:47:34.255, P0, 1740 MHz, 6101 MHz, 27 %, 71, 22.71 W, 0x0000000000000001
2026/09/24 09:47:34.520, P0, 1740 MHz, 6101 MHz, 27 %, 71, 22.71 W, 0x0000000000000001
2026/09/24 09:47:34.784, P0, 1740 MHz, 6101 MHz, 29 %, 71, 22.78 W, 0x0000000000000001
2026/09/24 09:47:35.047, P0, 1740 MHz, 6101 MHz, 29 %, 71, 22.78 W, 0x0000000000000001
2026/09/24 09:47:35.310, P0, 1740 MHz, 6101 MHz, 29 %, 71, 23.40 W, 0x0000000000000001
2026/09/24 09:47:35.570, P0, 1740 MHz, 6101 MHz, 29 %, 71, 23.40 W, 0x0000000000000001
2026/09/24 09:47:35.835, P0, 1740 MHz, 6101 MHz, 28 %, 71, 23.24 W, 0x0000000000000001
2026/09/24 09:47:36.086, P0, 1740 MHz, 6101 MHz, 28 %, 71, 23.24 W, 0x0000000000000001
2026/09/24 09:47:36.349, P0, 1740 MHz, 6101 MHz, 26 %, 71, 20.00 W, 0x0000000000000001
2026/09/24 09:47:36.614, P0, 1740 MHz, 6101 MHz, 26 %, 71, 20.00 W, 0x0000000000000001
2026/09/24 09:47:36.877, P0, 1740 MHz, 6101 MHz, 26 %, 71, 22.49 W, 0x0000000000000001
2026/09/24 09:47:37.140, P0, 1740 MHz, 6101 MHz, 26 %, 71, 22.49 W, 0x0000000000000001
2026/09/24 09:47:37.405, P0, 1740 MHz, 6101 MHz, 28 %, 71, 22.62 W, 0x0000000000000001
2026/09/24 09:47:37.667, P0, 1740 MHz, 6101 MHz, 28 %, 71, 22.62 W, 0x0000000000000001
2026/09/24 09:47:37.931, P0, 1740 MHz, 6101 MHz, 29 %, 71, 23.25 W, 0x0000000000000001
2026/09/24 09:47:38.194, P0, 1740 MHz, 6101 MHz, 29 %, 71, 23.25 W, 0x0000000000000001
2026/09/24 09:47:38.459, P0, 1740 MHz, 6101 MHz, 28 %, 71, 23.18 W, 0x0000000000000001
2026/09/24 09:47:38.723, P0, 1740 MHz, 6101 MHz, 28 %, 71, 23.18 W, 0x0000000000000001
2026/09/24 09:47:38.987, P0, 1740 MHz, 6101 MHz, 28 %, 71, 23.17 W, 0x0000000000000001
2026/09/24 09:47:39.251, P0, 1740 MHz, 6101 MHz, 29 %, 71, 23.16 W, 0x0000000000000001
2026/09/24 09:47:39.514, P0, 1740 MHz, 6101 MHz, 29 %, 71, 23.16 W, 0x0000000000000001
2026/09/24 09:47:39.777, P0, 1740 MHz, 6101 MHz, 28 %, 71, 23.13 W, 0x0000000000000001
2026/09/24 09:47:40.042, P0, 1740 MHz, 6101 MHz, 28 %, 71, 23.13 W, 0x0000000000000001
2026/09/24 09:47:40.306, P0, 1740 MHz, 6101 MHz, 28 %, 71, 23.38 W, 0x0000000000000001
2026/09/24 09:47:40.569, P0, 1740 MHz, 6101 MHz, 28 %, 71, 23.38 W, 0x0000000000000001
2026/09/24 09:47:40.834, P0, 1740 MHz, 6101 MHz, 28 %, 71, 23.30 W, 0x0000000000000001
2026/09/24 09:47:41.097, P0, 1740 MHz, 6101 MHz, 28 %, 71, 23.30 W, 0x0000000000000001
2026/09/24 09:47:41.361, P0, 1740 MHz, 6101 MHz, 28 %, 71, 23.22 W, 0x0000000000000001
2026/09/24 09:47:41.626, P0, 1740 MHz, 6101 MHz, 28 %, 71, 23.22 W, 0x0000000000000001
2026/09/24 09:47:41.890, P0, 1740 MHz, 6101 MHz, 27 %, 71, 22.78 W, 0x0000000000000001
2026/09/24 09:47:42.155, P0, 1740 MHz, 6101 MHz, 27 %, 71, 22.78 W, 0x0000000000000001
2026/09/24 09:47:42.420, P0, 1740 MHz, 6101 MHz, 26 %, 71, 22.71 W, 0x0000000000000001
2026/09/24 09:47:42.683, P0, 1740 MHz, 6101 MHz, 26 %, 71, 22.71 W, 0x0000000000000001
2026/09/24 09:47:42.934, P0, 1740 MHz, 6101 MHz, 26 %, 71, 22.77 W, 0x0000000000000001
2026/09/24 09:47:43.200, P0, 1740 MHz, 6101 MHz, 26 %, 71, 22.77 W, 0x0000000000000001
2026/09/24 09:47:43.464, P0, 1740 MHz, 6101 MHz, 26 %, 71, 22.73 W, 0x0000000000000001
2026/09/24 09:47:43.726, P0, 1740 MHz, 6101 MHz, 26 %, 71, 22.73 W, 0x0000000000000001
2026/09/24 09:47:43.988, P0, 1740 MHz, 6101 MHz, 24 %, 71, 22.66 W, 0x0000000000000001
2026/09/24 09:47:44.253, P0, 1740 MHz, 6101 MHz, 28 %, 71, 23.49 W, 0x0000000000000001
2026/09/24 09:47:44.515, P0, 1740 MHz, 6101 MHz, 28 %, 71, 23.49 W, 0x0000000000000001
2026/09/24 09:47:44.778, P0, 1740 MHz, 6101 MHz, 27 %, 71, 23.27 W, 0x0000000000000001
2026/09/24 09:47:45.043, P0, 1740 MHz, 6101 MHz, 27 %, 71, 23.27 W, 0x0000000000000001
2026/09/24 09:47:45.307, P0, 1740 MHz, 6101 MHz, 24 %, 71, 22.76 W, 0x0000000000000001
2026/09/24 09:47:45.572, P0, 1740 MHz, 6101 MHz, 24 %, 71, 22.76 W, 0x0000000000000001
2026/09/24 09:47:45.837, P0, 1740 MHz, 6101 MHz, 25 %, 71, 22.59 W, 0x0000000000000001
2026/09/24 09:47:46.100, P0, 1740 MHz, 6101 MHz, 25 %, 71, 22.59 W, 0x0000000000000001
2026/09/24 09:47:46.365, P0, 1740 MHz, 6101 MHz, 26 %, 71, 20.27 W, 0x0000000000000001
2026/09/24 09:47:46.629, P0, 1740 MHz, 6101 MHz, 26 %, 71, 20.27 W, 0x0000000000000001
2026/09/24 09:47:46.895, P0, 1740 MHz, 6101 MHz, 26 %, 72, 23.23 W, 0x0000000000000001
2026/09/24 09:47:47.160, P0, 1740 MHz, 6101 MHz, 26 %, 72, 23.23 W, 0x0000000000000001
2026/09/24 09:47:47.425, P0, 1740 MHz, 6101 MHz, 28 %, 72, 24.00 W, 0x0000000000000001
2026/09/24 09:47:47.689, P0, 1740 MHz, 6101 MHz, 28 %, 72, 24.00 W, 0x0000000000000001
2026/09/24 09:47:47.953, P0, 1740 MHz, 6101 MHz, 28 %, 72, 23.23 W, 0x0000000000000001
2026/09/24 09:47:48.214, P0, 1740 MHz, 6101 MHz, 28 %, 72, 23.23 W, 0x0000000000000001
2026/09/24 09:47:48.479, P0, 1740 MHz, 6101 MHz, 26 %, 72, 23.57 W, 0x0000000000000001
2026/09/24 09:47:48.743, P0, 1740 MHz, 6101 MHz, 28 %, 72, 23.35 W, 0x0000000000000001
2026/09/24 09:47:49.009, P0, 1740 MHz, 6101 MHz, 28 %, 72, 23.35 W, 0x0000000000000001
2026/09/24 09:47:49.261, P0, 1740 MHz, 6101 MHz, 28 %, 72, 23.47 W, 0x0000000000000001
2026/09/24 09:47:49.513, P0, 1740 MHz, 6101 MHz, 28 %, 72, 23.47 W, 0x0000000000000001
2026/09/24 09:47:49.777, P0, 1740 MHz, 6101 MHz, 26 %, 72, 23.75 W, 0x0000000000000001
2026/09/24 09:47:50.042, P0, 1740 MHz, 6101 MHz, 26 %, 72, 23.75 W, 0x0000000000000001
2026/09/24 09:47:50.304, P0, 1740 MHz, 6101 MHz, 27 %, 72, 23.40 W, 0x0000000000000001
2026/09/24 09:47:50.569, P0, 1740 MHz, 6101 MHz, 27 %, 72, 23.40 W, 0x0000000000000001
2026/09/24 09:47:50.820, P0, 1740 MHz, 6101 MHz, 27 %, 72, 23.22 W, 0x0000000000000001
2026/09/24 09:47:51.083, P0, 1740 MHz, 6101 MHz, 27 %, 72, 23.22 W, 0x0000000000000001
2026/09/24 09:47:51.349, P0, 1740 MHz, 6101 MHz, 26 %, 72, 23.13 W, 0x0000000000000001
2026/09/24 09:47:51.614, P0, 1740 MHz, 6101 MHz, 26 %, 72, 23.13 W, 0x0000000000000001
2026/09/24 09:47:51.877, P0, 1740 MHz, 6101 MHz, 26 %, 72, 22.99 W, 0x0000000000000001
2026/09/24 09:47:52.141, P0, 1740 MHz, 6101 MHz, 26 %, 72, 22.99 W, 0x0000000000000001
2026/09/24 09:47:52.405, P0, 1740 MHz, 6101 MHz, 26 %, 72, 23.21 W, 0x0000000000000001
2026/09/24 09:47:52.669, P0, 1740 MHz, 6101 MHz, 26 %, 72, 23.21 W, 0x0000000000000001
2026/09/24 09:47:52.934, P0, 1740 MHz, 6101 MHz, 24 %, 72, 23.02 W, 0x0000000000000001
2026/09/24 09:47:53.197, P0, 1740 MHz, 6101 MHz, 24 %, 72, 23.02 W, 0x0000000000000001
2026/09/24 09:47:53.460, P0, 1740 MHz, 6101 MHz, 29 %, 72, 23.32 W, 0x0000000000000001
2026/09/24 09:47:53.711, P0, 1740 MHz, 6101 MHz, 29 %, 72, 23.32 W, 0x0000000000000001
2026/09/24 09:47:53.973, P0, 1740 MHz, 6101 MHz, 28 %, 72, 23.47 W, 0x0000000000000001
2026/09/24 09:47:54.224, P0, 1740 MHz, 6101 MHz, 28 %, 72, 23.47 W, 0x0000000000000001
2026/09/24 09:47:54.475, P0, 1740 MHz, 6101 MHz, 25 %, 72, 23.21 W, 0x0000000000000001
2026/09/24 09:47:54.737, P0, 1740 MHz, 6101 MHz, 25 %, 72, 23.21 W, 0x0000000000000001
2026/09/24 09:47:55.001, P0, 1740 MHz, 6101 MHz, 25 %, 72, 22.99 W, 0x0000000000000001
2026/09/24 09:47:55.264, P0, 1740 MHz, 6101 MHz, 25 %, 72, 23.02 W, 0x0000000000000001
2026/09/24 09:47:55.530, P0, 1740 MHz, 6101 MHz, 25 %, 72, 23.02 W, 0x0000000000000001
2026/09/24 09:47:55.795, P0, 1740 MHz, 6101 MHz, 28 %, 72, 23.49 W, 0x0000000000000001
2026/09/24 09:47:56.060, P0, 1740 MHz, 6101 MHz, 28 %, 72, 23.49 W, 0x0000000000000001
2026/09/24 09:47:56.311, P0, 1740 MHz, 6101 MHz, 28 %, 72, 23.40 W, 0x0000000000000001
2026/09/24 09:47:56.575, P0, 1740 MHz, 6101 MHz, 28 %, 72, 23.40 W, 0x0000000000000001
2026/09/24 09:47:56.837, P0, 1740 MHz, 6101 MHz, 28 %, 72, 23.36 W, 0x0000000000000001
2026/09/24 09:47:57.088, P0, 1740 MHz, 6101 MHz, 28 %, 72, 23.36 W, 0x0000000000000001
2026/09/24 09:47:57.353, P0, 1740 MHz, 6101 MHz, 28 %, 72, 23.44 W, 0x0000000000000001
2026/09/24 09:47:57.617, P0, 1740 MHz, 6101 MHz, 28 %, 72, 23.44 W, 0x0000000000000001
2026/09/24 09:47:57.882, P0, 1740 MHz, 6101 MHz, 29 %, 72, 23.55 W, 0x0000000000000001
2026/09/24 09:47:58.144, P0, 1740 MHz, 6101 MHz, 29 %, 72, 23.55 W, 0x0000000000000001
2026/09/24 09:47:58.410, P0, 1740 MHz, 6101 MHz, 29 %, 72, 23.25 W, 0x0000000000000001
2026/09/24 09:47:58.662, P0, 1740 MHz, 6101 MHz, 29 %, 72, 23.25 W, 0x0000000000000001
2026/09/24 09:47:58.927, P0, 1740 MHz, 6101 MHz, 28 %, 73, 23.76 W, 0x0000000000000001
2026/09/24 09:47:59.192, P0, 1740 MHz, 6101 MHz, 28 %, 73, 23.76 W, 0x0000000000000001
2026/09/24 09:47:59.454, P0, 1740 MHz, 6101 MHz, 28 %, 73, 23.67 W, 0x0000000000000001
2026/09/24 09:47:59.718, P0, 1740 MHz, 6101 MHz, 28 %, 73, 23.67 W, 0x0000000000000001
2026/09/24 09:47:59.984, P0, 1740 MHz, 6101 MHz, 28 %, 72, 23.40 W, 0x0000000000000001
2026/09/24 09:48:00.249, P0, 1740 MHz, 6101 MHz, 26 %, 72, 23.21 W, 0x0000000000000001
2026/09/24 09:48:00.499, P0, 1740 MHz, 6101 MHz, 26 %, 72, 23.21 W, 0x0000000000000001
2026/09/24 09:48:00.764, P0, 1740 MHz, 6101 MHz, 27 %, 72, 23.22 W, 0x0000000000000001
2026/09/24 09:48:01.025, P0, 1740 MHz, 6101 MHz, 27 %, 72, 23.22 W, 0x0000000000000001
2026/09/24 09:48:01.290, P0, 1740 MHz, 6101 MHz, 27 %, 73, 22.98 W, 0x0000000000000001
2026/09/24 09:48:01.542, P0, 1740 MHz, 6101 MHz, 27 %, 73, 22.98 W, 0x0000000000000001
2026/09/24 09:48:01.806, P0, 1740 MHz, 6101 MHz, 25 %, 72, 22.94 W, 0x0000000000000001
2026/09/24 09:48:02.069, P0, 1740 MHz, 6101 MHz, 25 %, 72, 22.94 W, 0x0000000000000001
2026/09/24 09:48:02.320, P0, 1740 MHz, 6101 MHz, 27 %, 72, 23.12 W, 0x0000000000000001
2026/09/24 09:48:02.584, P0, 1740 MHz, 6101 MHz, 27 %, 72, 23.12 W, 0x0000000000000001
2026/09/24 09:48:02.849, P0, 1740 MHz, 6101 MHz, 30 %, 73, 23.82 W, 0x0000000000000001
2026/09/24 09:48:03.114, P0, 1740 MHz, 6101 MHz, 30 %, 73, 23.82 W, 0x0000000000000001
2026/09/24 09:48:03.376, P0, 1740 MHz, 6101 MHz, 27 %, 72, 23.26 W, 0x0000000000000001
2026/09/24 09:48:03.638, P0, 1740 MHz, 6101 MHz, 27 %, 72, 23.26 W, 0x0000000000000001
2026/09/24 09:48:03.900, P0, 1740 MHz, 6101 MHz, 27 %, 72, 22.93 W, 0x0000000000000001
2026/09/24 09:48:04.151, P0, 1740 MHz, 6101 MHz, 27 %, 72, 22.93 W, 0x0000000000000001
2026/09/24 09:48:04.414, P0, 1740 MHz, 6101 MHz, 27 %, 72, 22.70 W, 0x0000000000000001
2026/09/24 09:48:04.680, P0, 1740 MHz, 6101 MHz, 27 %, 72, 22.70 W, 0x0000000000000001
2026/09/24 09:48:04.943, P0, 1740 MHz, 6101 MHz, 28 %, 72, 23.32 W, 0x0000000000000001
2026/09/24 09:48:05.208, P0, 1740 MHz, 6101 MHz, 28 %, 72, 23.32 W, 0x0000000000000001
2026/09/24 09:48:05.474, P0, 1740 MHz, 6101 MHz, 29 %, 72, 23.38 W, 0x0000000000000001
2026/09/24 09:48:05.724, P0, 1740 MHz, 6101 MHz, 29 %, 72, 23.38 W, 0x0000000000000001
2026/09/24 09:48:05.975, P0, 1740 MHz, 6101 MHz, 29 %, 72, 23.32 W, 0x0000000000000001
2026/09/24 09:48:06.237, P0, 1740 MHz, 6101 MHz, 29 %, 72, 23.32 W, 0x0000000000000001
2026/09/24 09:48:06.501, P0, 1740 MHz, 6101 MHz, 27 %, 72, 23.34 W, 0x0000000000000001
2026/09/24 09:48:06.766, P0, 1740 MHz, 6101 MHz, 30 %, 72, 23.35 W, 0x0000000000000001
2026/09/24 09:48:07.017, P0, 1740 MHz, 6101 MHz, 30 %, 72, 23.35 W, 0x0000000000000001
2026/09/24 09:48:07.281, P0, 1740 MHz, 6101 MHz, 30 %, 73, 23.37 W, 0x0000000000000001
2026/09/24 09:48:07.543, P0, 1740 MHz, 6101 MHz, 30 %, 73, 23.37 W, 0x0000000000000001
2026/09/24 09:48:07.808, P0, 1740 MHz, 6101 MHz, 28 %, 72, 23.22 W, 0x0000000000000001
2026/09/24 09:48:08.073, P0, 1740 MHz, 6101 MHz, 28 %, 72, 23.22 W, 0x0000000000000001
2026/09/24 09:48:08.337, P0, 1740 MHz, 6101 MHz, 30 %, 72, 23.51 W, 0x0000000000000001
2026/09/24 09:48:08.600, P0, 1740 MHz, 6101 MHz, 30 %, 72, 23.51 W, 0x0000000000000001
2026/09/24 09:48:08.865, P0, 1740 MHz, 6101 MHz, 29 %, 72, 23.27 W, 0x0000000000000001
2026/09/24 09:48:09.129, P0, 1740 MHz, 6101 MHz, 29 %, 72, 23.27 W, 0x0000000000000001
2026/09/24 09:48:09.394, P0, 1740 MHz, 6101 MHz, 27 %, 72, 23.30 W, 0x0000000000000001
2026/09/24 09:48:09.659, P0, 1740 MHz, 6101 MHz, 27 %, 72, 23.30 W, 0x0000000000000001
2026/09/24 09:48:09.925, P0, 1740 MHz, 6101 MHz, 28 %, 72, 22.99 W, 0x0000000000000001
2026/09/24 09:48:10.189, P0, 1740 MHz, 6101 MHz, 28 %, 72, 22.99 W, 0x0000000000000001
2026/09/24 09:48:10.454, P0, 1740 MHz, 6101 MHz, 28 %, 72, 22.94 W, 0x0000000000000001
2026/09/24 09:48:10.718, P0, 1740 MHz, 6101 MHz, 28 %, 72, 22.94 W, 0x0000000000000001
2026/09/24 09:48:10.968, P0, 1740 MHz, 6101 MHz, 26 %, 72, 22.91 W, 0x0000000000000001
2026/09/24 09:48:11.232, P0, 1740 MHz, 6101 MHz, 26 %, 72, 22.91 W, 0x0000000000000001
2026/09/24 09:48:11.496, P0, 1740 MHz, 6101 MHz, 28 %, 72, 22.91 W, 0x0000000000000001
2026/09/24 09:48:11.760, P0, 1740 MHz, 6101 MHz, 31 %, 72, 20.26 W, 0x0000000000000001
2026/09/24 09:48:12.011, P0, 1740 MHz, 6101 MHz, 31 %, 72, 20.26 W, 0x0000000000000001
2026/09/24 09:48:12.275, P0, 1740 MHz, 6101 MHz, 28 %, 72, 23.65 W, 0x0000000000000001
2026/09/24 09:48:12.540, P0, 1740 MHz, 6101 MHz, 28 %, 72, 23.65 W, 0x0000000000000001
2026/09/24 09:48:12.803, P0, 1740 MHz, 6101 MHz, 29 %, 72, 23.46 W, 0x0000000000000001
2026/09/24 09:48:13.068, P0, 1740 MHz, 6101 MHz, 29 %, 72, 23.46 W, 0x0000000000000001
2026/09/24 09:48:13.320, P0, 1740 MHz, 6101 MHz, 27 %, 72, 22.66 W, 0x0000000000000001
2026/09/24 09:48:13.572, P0, 1740 MHz, 6101 MHz, 27 %, 72, 22.66 W, 0x0000000000000001
2026/09/24 09:48:13.837, P0, 1740 MHz, 6101 MHz, 25 %, 72, 22.68 W, 0x0000000000000001
2026/09/24 09:48:14.102, P0, 1740 MHz, 6101 MHz, 25 %, 72, 22.68 W, 0x0000000000000001
2026/09/24 09:48:14.353, P0, 1740 MHz, 6101 MHz, 29 %, 72, 22.92 W, 0x0000000000000001
2026/09/24 09:48:14.617, P0, 1740 MHz, 6101 MHz, 29 %, 72, 22.92 W, 0x0000000000000001
2026/09/24 09:48:14.882, P0, 1740 MHz, 6101 MHz, 29 %, 73, 23.24 W, 0x0000000000000001
2026/09/24 09:48:15.147, P0, 1740 MHz, 6101 MHz, 29 %, 73, 23.24 W, 0x0000000000000001
2026/09/24 09:48:15.412, P0, 1740 MHz, 6101 MHz, 26 %, 72, 23.39 W, 0x0000000000000001
2026/09/24 09:48:15.676, P0, 1740 MHz, 6101 MHz, 26 %, 72, 23.39 W, 0x0000000000000001
2026/09/24 09:48:15.941, P0, 1740 MHz, 6101 MHz, 30 %, 72, 23.28 W, 0x0000000000000001
2026/09/24 09:48:16.205, P0, 1740 MHz, 6101 MHz, 30 %, 72, 23.28 W, 0x0000000000000001
2026/09/24 09:48:16.468, P0, 1740 MHz, 6101 MHz, 29 %, 73, 23.44 W, 0x0000000000000001
2026/09/24 09:48:16.719, P0, 1740 MHz, 6101 MHz, 29 %, 73, 23.44 W, 0x0000000000000001
2026/09/24 09:48:16.982, P0, 1740 MHz, 6101 MHz, 29 %, 72, 23.32 W, 0x0000000000000001
2026/09/24 09:48:17.247, P0, 1740 MHz, 6101 MHz, 29 %, 72, 23.37 W, 0x0000000000000001
2026/09/24 09:48:17.512, P0, 1740 MHz, 6101 MHz, 29 %, 72, 23.37 W, 0x0000000000000001
2026/09/24 09:48:17.773, P0, 1740 MHz, 6101 MHz, 29 %, 73, 23.45 W, 0x0000000000000001
2026/09/24 09:48:18.037, P0, 1740 MHz, 6101 MHz, 29 %, 73, 23.45 W, 0x0000000000000001
2026/09/24 09:48:18.303, P0, 1740 MHz, 6101 MHz, 28 %, 72, 23.36 W, 0x0000000000000001
2026/09/24 09:48:18.553, P0, 1740 MHz, 6101 MHz, 28 %, 72, 23.36 W, 0x0000000000000001
2026/09/24 09:48:18.818, P0, 1740 MHz, 6101 MHz, 28 %, 72, 23.24 W, 0x0000000000000001
2026/09/24 09:48:19.082, P0, 1740 MHz, 6101 MHz, 28 %, 72, 23.24 W, 0x0000000000000001
2026/09/24 09:48:19.348, P0, 1740 MHz, 6101 MHz, 27 %, 73, 22.99 W, 0x0000000000000001
2026/09/24 09:48:19.600, P0, 1740 MHz, 6101 MHz, 27 %, 73, 22.99 W, 0x0000000000000001
2026/09/24 09:48:19.865, P0, 1740 MHz, 6101 MHz, 25 %, 72, 23.08 W, 0x0000000000000001
2026/09/24 09:48:20.127, P0, 1740 MHz, 6101 MHz, 25 %, 72, 23.08 W, 0x0000000000000001
2026/09/24 09:48:20.378, P0, 1740 MHz, 6101 MHz, 27 %, 73, 23.03 W, 0x0000000000000001
2026/09/24 09:48:20.642, P0, 1740 MHz, 6101 MHz, 27 %, 73, 23.03 W, 0x0000000000000001
2026/09/24 09:48:20.905, P0, 1740 MHz, 6101 MHz, 28 %, 73, 23.00 W, 0x0000000000000001
2026/09/24 09:48:21.169, P0, 1740 MHz, 6101 MHz, 28 %, 73, 23.00 W, 0x0000000000000001
2026/09/24 09:48:21.420, P0, 1740 MHz, 6101 MHz, 27 %, 73, 23.36 W, 0x0000000000000001
2026/09/24 09:48:21.685, P0, 1740 MHz, 6101 MHz, 27 %, 73, 23.36 W, 0x0000000000000001
2026/09/24 09:48:21.948, P0, 1740 MHz, 6101 MHz, 28 %, 73, 23.57 W, 0x0000000000000001
2026/09/24 09:48:22.211, P0, 1740 MHz, 6101 MHz, 28 %, 73, 23.57 W, 0x0000000000000001
2026/09/24 09:48:22.474, P0, 1740 MHz, 6101 MHz, 26 %, 73, 23.08 W, 0x0000000000000001
2026/09/24 09:48:22.739, P0, 1740 MHz, 6101 MHz, 26 %, 73, 23.08 W, 0x0000000000000001
2026/09/24 09:48:22.990, P0, 1740 MHz, 6101 MHz, 26 %, 73, 22.89 W, 0x0000000000000001
2026/09/24 09:48:23.251, P0, 1740 MHz, 6101 MHz, 28 %, 73, 22.92 W, 0x0000000000000001
2026/09/24 09:48:23.516, P0, 1740 MHz, 6101 MHz, 28 %, 73, 22.92 W, 0x0000000000000001
2026/09/24 09:48:23.781, P0, 1740 MHz, 6101 MHz, 28 %, 73, 23.36 W, 0x0000000000000001
2026/09/24 09:48:24.047, P0, 1740 MHz, 6101 MHz, 28 %, 73, 23.36 W, 0x0000000000000001
2026/09/24 09:48:24.312, P0, 1740 MHz, 6101 MHz, 26 %, 73, 23.32 W, 0x0000000000000001
2026/09/24 09:48:24.577, P0, 1740 MHz, 6101 MHz, 26 %, 73, 23.32 W, 0x0000000000000001
2026/09/24 09:48:24.842, P0, 1740 MHz, 6101 MHz, 28 %, 73, 23.35 W, 0x0000000000000001
2026/09/24 09:48:25.104, P0, 1740 MHz, 6101 MHz, 28 %, 73, 23.35 W, 0x0000000000000001
2026/09/24 09:48:25.368, P0, 1740 MHz, 6101 MHz, 28 %, 73, 23.35 W, 0x0000000000000001
2026/09/24 09:48:25.632, P0, 1740 MHz, 6101 MHz, 28 %, 73, 23.35 W, 0x0000000000000001
2026/09/24 09:48:25.896, P0, 1740 MHz, 6101 MHz, 26 %, 73, 23.35 W, 0x0000000000000001
2026/09/24 09:48:26.161, P0, 1740 MHz, 6101 MHz, 26 %, 73, 23.35 W, 0x0000000000000001
2026/09/24 09:48:26.426, P0, 1740 MHz, 6101 MHz, 28 %, 73, 23.46 W, 0x0000000000000001
2026/09/24 09:48:26.690, P0, 1740 MHz, 6101 MHz, 28 %, 73, 23.46 W, 0x0000000000000001
2026/09/24 09:48:26.954, P0, 1740 MHz, 6101 MHz, 28 %, 73, 23.44 W, 0x0000000000000001
2026/09/24 09:48:27.217, P0, 1740 MHz, 6101 MHz, 28 %, 73, 23.44 W, 0x0000000000000001
2026/09/24 09:48:27.482, P0, 1740 MHz, 6101 MHz, 26 %, 73, 23.36 W, 0x0000000000000001
2026/09/24 09:48:27.748, P0, 1740 MHz, 6101 MHz, 27 %, 73, 23.29 W, 0x0000000000000001
2026/09/24 09:48:27.999, P0, 1740 MHz, 6101 MHz, 27 %, 73, 23.29 W, 0x0000000000000001
2026/09/24 09:48:28.263, P0, 1740 MHz, 6101 MHz, 26 %, 73, 23.13 W, 0x0000000000000001
2026/09/24 09:48:28.527, P0, 1740 MHz, 6101 MHz, 26 %, 73, 23.13 W, 0x0000000000000001
2026/09/24 09:48:28.777, P0, 1740 MHz, 6101 MHz, 24 %, 73, 22.98 W, 0x0000000000000001
2026/09/24 09:48:29.041, P0, 1740 MHz, 6101 MHz, 24 %, 73, 22.98 W, 0x0000000000000001
2026/09/24 09:48:29.305, P0, 1740 MHz, 6101 MHz, 26 %, 73, 23.11 W, 0x0000000000000001
2026/09/24 09:48:29.569, P0, 1740 MHz, 6101 MHz, 26 %, 73, 23.11 W, 0x0000000000000001
2026/09/24 09:48:29.834, P0, 1740 MHz, 6101 MHz, 26 %, 73, 23.01 W, 0x0000000000000001
2026/09/24 09:48:30.097, P0, 1740 MHz, 6101 MHz, 26 %, 73, 23.01 W, 0x0000000000000001
2026/09/24 09:48:30.360, P0, 1740 MHz, 6101 MHz, 27 %, 73, 23.82 W, 0x0000000000000001
2026/09/24 09:48:30.623, P0, 1740 MHz, 6101 MHz, 27 %, 73, 23.82 W, 0x0000000000000001
2026/09/24 09:48:30.885, P0, 1740 MHz, 6101 MHz, 28 %, 73, 23.69 W, 0x0000000000000001
2026/09/24 09:48:31.136, P0, 1740 MHz, 6101 MHz, 28 %, 73, 23.69 W, 0x0000000000000001
2026/09/24 09:48:31.400, P0, 1740 MHz, 6101 MHz, 27 %, 73, 23.42 W, 0x0000000000000001
2026/09/24 09:48:31.651, P0, 1740 MHz, 6101 MHz, 27 %, 73, 23.42 W, 0x0000000000000001
2026/09/24 09:48:31.916, P0, 1740 MHz, 6101 MHz, 23 %, 73, 22.78 W, 0x0000000000000001
2026/09/24 09:48:32.180, P0, 1740 MHz, 6101 MHz, 23 %, 73, 22.78 W, 0x0000000000000001
2026/09/24 09:48:32.444, P0, 1740 MHz, 6101 MHz, 25 %, 73, 22.79 W, 0x0000000000000001
2026/09/24 09:48:32.707, P0, 1740 MHz, 6101 MHz, 25 %, 73, 22.79 W, 0x0000000000000001
2026/09/24 09:48:32.971, P0, 1740 MHz, 6101 MHz, 28 %, 73, 23.58 W, 0x0000000000000001
2026/09/24 09:48:33.222, P0, 1740 MHz, 6101 MHz, 28 %, 73, 23.58 W, 0x0000000000000001
2026/09/24 09:48:33.487, P0, 1740 MHz, 6101 MHz, 28 %, 73, 23.48 W, 0x0000000000000001
2026/09/24 09:48:33.749, P0, 1740 MHz, 6101 MHz, 28 %, 73, 23.46 W, 0x0000000000000001
2026/09/24 09:48:33.999, P0, 1740 MHz, 6101 MHz, 28 %, 73, 23.46 W, 0x0000000000000001
2026/09/24 09:48:34.264, P0, 1740 MHz, 6101 MHz, 28 %, 73, 23.35 W, 0x0000000000000001
2026/09/24 09:48:34.527, P0, 1740 MHz, 6101 MHz, 28 %, 73, 23.35 W, 0x0000000000000001
2026/09/24 09:48:34.790, P0, 1740 MHz, 6101 MHz, 26 %, 73, 23.43 W, 0x0000000000000001
2026/09/24 09:48:35.056, P0, 1740 MHz, 6101 MHz, 26 %, 73, 23.43 W, 0x0000000000000001
2026/09/24 09:48:35.318, P0, 1740 MHz, 6101 MHz, 27 %, 73, 23.40 W, 0x0000000000000001
2026/09/24 09:48:35.582, P0, 1740 MHz, 6101 MHz, 27 %, 73, 23.40 W, 0x0000000000000001
2026/09/24 09:48:35.848, P0, 1740 MHz, 6101 MHz, 28 %, 73, 23.45 W, 0x0000000000000001
2026/09/24 09:48:36.113, P0, 1740 MHz, 6101 MHz, 28 %, 73, 23.45 W, 0x0000000000000001
2026/09/24 09:48:36.378, P0, 1740 MHz, 6101 MHz, 28 %, 73, 23.50 W, 0x0000000000000001
2026/09/24 09:48:36.630, P0, 1740 MHz, 6101 MHz, 28 %, 73, 23.50 W, 0x0000000000000001
2026/09/24 09:48:36.892, P0, 1740 MHz, 6101 MHz, 28 %, 73, 23.95 W, 0x0000000000000001
2026/09/24 09:48:37.157, P0, 1740 MHz, 6101 MHz, 28 %, 73, 23.95 W, 0x0000000000000001
2026/09/24 09:48:37.419, P0, 1740 MHz, 6101 MHz, 27 %, 73, 23.30 W, 0x0000000000000001
2026/09/24 09:48:37.670, P0, 1740 MHz, 6101 MHz, 27 %, 73, 23.30 W, 0x0000000000000001
2026/09/24 09:48:37.932, P0, 1740 MHz, 6101 MHz, 24 %, 73, 23.06 W, 0x0000000000000001
2026/09/24 09:48:38.183, P0, 1740 MHz, 6101 MHz, 24 %, 73, 23.06 W, 0x0000000000000001
2026/09/24 09:48:38.447, P0, 1740 MHz, 6101 MHz, 26 %, 73, 23.15 W, 0x0000000000000001
2026/09/24 09:48:38.703, P0, 1740 MHz, 6101 MHz, 26 %, 73, 23.15 W, 0x0000000000000001
2026/09/24 09:48:38.955, P8, 1740 MHz, 6100 MHz, 0 %, 68, 3.10 W, 0x0000000000000001
2026/09/24 09:48:39.920, P0, 1740 MHz, 6101 MHz, 0 %, 71, 19.68 W, 0x0000000000000001
2026/09/24 09:48:40.175, P0, 1740 MHz, 6101 MHz, 0 %, 71, 19.68 W, 0x0000000000000001
2026/09/24 09:48:40.428, P0, 1740 MHz, 6101 MHz, 1 %, 72, 18.87 W, 0x0000000000000001
2026/09/24 09:48:40.692, P0, 1740 MHz, 6101 MHz, 1 %, 72, 18.87 W, 0x0000000000000001
2026/09/24 09:48:40.943, P0, 2025 MHz, 6101 MHz, 44 %, 75, 42.47 W, 0x0000000000000400
2026/09/24 09:48:41.194, P0, 2025 MHz, 6101 MHz, 44 %, 75, 42.47 W, 0x0000000000000400
2026/09/24 09:48:41.446, P0, 2017 MHz, 6101 MHz, 44 %, 76, 43.04 W, 0x0000000000000400
2026/09/24 09:48:41.697, P0, 2017 MHz, 6101 MHz, 44 %, 76, 43.04 W, 0x0000000000000400
2026/09/24 09:48:41.962, P0, 2017 MHz, 6101 MHz, 43 %, 76, 43.07 W, 0x0000000000000400
2026/09/24 09:48:42.226, P0, 2017 MHz, 6101 MHz, 43 %, 76, 43.07 W, 0x0000000000000400
2026/09/24 09:48:42.478, P0, 2017 MHz, 6101 MHz, 44 %, 77, 43.36 W, 0x0000000000000400
2026/09/24 09:48:42.742, P0, 2017 MHz, 6101 MHz, 42 %, 77, 43.15 W, 0x0000000000000400
2026/09/24 09:48:42.993, P0, 2017 MHz, 6101 MHz, 42 %, 77, 43.15 W, 0x0000000000000400
2026/09/24 09:48:43.245, P0, 2017 MHz, 6101 MHz, 41 %, 77, 42.24 W, 0x0000000000000400
2026/09/24 09:48:43.498, P0, 2017 MHz, 6101 MHz, 41 %, 77, 42.24 W, 0x0000000000000400
2026/09/24 09:48:43.763, P0, 2017 MHz, 6101 MHz, 45 %, 77, 42.47 W, 0x0000000000000400
2026/09/24 09:48:44.027, P0, 2017 MHz, 6101 MHz, 45 %, 77, 42.47 W, 0x0000000000000400
2026/09/24 09:48:44.278, P0, 2017 MHz, 6101 MHz, 42 %, 77, 43.13 W, 0x0000000000000400
2026/09/24 09:48:44.531, P0, 2017 MHz, 6101 MHz, 42 %, 77, 43.13 W, 0x0000000000000400
2026/09/24 09:48:44.796, P0, 2017 MHz, 6101 MHz, 39 %, 77, 42.95 W, 0x0000000000000400
2026/09/24 09:48:45.046, P0, 2017 MHz, 6101 MHz, 39 %, 77, 42.95 W, 0x0000000000000400
2026/09/24 09:48:45.309, P0, 2017 MHz, 6101 MHz, 45 %, 78, 42.58 W, 0x0000000000000400
2026/09/24 09:48:45.560, P0, 2017 MHz, 6101 MHz, 45 %, 78, 42.58 W, 0x0000000000000400
2026/09/24 09:48:45.810, P0, 2017 MHz, 6101 MHz, 45 %, 78, 43.24 W, 0x0000000000000400
2026/09/24 09:48:46.074, P0, 2017 MHz, 6101 MHz, 45 %, 78, 43.24 W, 0x0000000000000400
2026/09/24 09:48:46.339, P0, 2017 MHz, 6101 MHz, 43 %, 78, 43.58 W, 0x0000000000000400
2026/09/24 09:48:46.604, P0, 2017 MHz, 6101 MHz, 43 %, 78, 43.58 W, 0x0000000000000400
2026/09/24 09:48:46.869, P0, 2017 MHz, 6101 MHz, 45 %, 78, 43.64 W, 0x0000000000000400
2026/09/24 09:48:47.134, P0, 2017 MHz, 6101 MHz, 45 %, 78, 43.64 W, 0x0000000000000400
2026/09/24 09:48:47.399, P0, 2017 MHz, 6101 MHz, 42 %, 78, 43.58 W, 0x0000000000000400
2026/09/24 09:48:47.652, P0, 2017 MHz, 6101 MHz, 42 %, 78, 43.58 W, 0x0000000000000400
2026/09/24 09:48:47.917, P0, 2017 MHz, 6101 MHz, 40 %, 78, 43.22 W, 0x0000000000000400
2026/09/24 09:48:48.182, P0, 2017 MHz, 6101 MHz, 40 %, 78, 43.22 W, 0x0000000000000400
2026/09/24 09:48:48.433, P0, 2017 MHz, 6101 MHz, 42 %, 78, 42.74 W, 0x0000000000000400
2026/09/24 09:48:48.683, P0, 2017 MHz, 6101 MHz, 42 %, 78, 42.74 W, 0x0000000000000400
2026/09/24 09:48:48.935, P0, 2017 MHz, 6101 MHz, 44 %, 79, 43.52 W, 0x0000000000000400
2026/09/24 09:48:49.198, P0, 2017 MHz, 6101 MHz, 44 %, 79, 43.52 W, 0x0000000000000400
2026/09/24 09:48:49.449, P0, 2017 MHz, 6101 MHz, 40 %, 78, 43.35 W, 0x0000000000000400
2026/09/24 09:48:49.700, P0, 2017 MHz, 6101 MHz, 40 %, 78, 43.35 W, 0x0000000000000400
2026/09/24 09:48:49.964, P0, 2017 MHz, 6101 MHz, 46 %, 79, 42.89 W, 0x0000000000000400
2026/09/24 09:48:50.230, P0, 2017 MHz, 6101 MHz, 46 %, 79, 42.89 W, 0x0000000000000400
2026/09/24 09:48:50.485, P0, 2017 MHz, 6101 MHz, 44 %, 79, 43.46 W, 0x0000000000000400
2026/09/24 09:48:50.738, P0, 2017 MHz, 6101 MHz, 44 %, 79, 43.92 W, 0x0000000000000400
2026/09/24 09:48:51.003, P0, 2017 MHz, 6101 MHz, 44 %, 79, 43.92 W, 0x0000000000000400
2026/09/24 09:48:51.257, P0, 2017 MHz, 6101 MHz, 47 %, 79, 43.89 W, 0x0000000000000400
2026/09/24 09:48:51.509, P0, 2017 MHz, 6101 MHz, 47 %, 79, 43.89 W, 0x0000000000000400
2026/09/24 09:48:51.759, P0, 2017 MHz, 6101 MHz, 45 %, 79, 43.86 W, 0x0000000000000400
2026/09/24 09:48:52.024, P0, 2017 MHz, 6101 MHz, 45 %, 79, 43.86 W, 0x0000000000000400
2026/09/24 09:48:52.288, P0, 2017 MHz, 6101 MHz, 43 %, 79, 43.52 W, 0x0000000000000400
2026/09/24 09:48:52.553, P0, 2017 MHz, 6101 MHz, 43 %, 79, 43.52 W, 0x0000000000000400
2026/09/24 09:48:52.804, P0, 2017 MHz, 6101 MHz, 42 %, 79, 43.00 W, 0x0000000000000400
2026/09/24 09:48:53.067, P0, 2017 MHz, 6101 MHz, 42 %, 79, 43.00 W, 0x0000000000000400
2026/09/24 09:48:53.318, P0, 2017 MHz, 6101 MHz, 44 %, 79, 43.70 W, 0x0000000000000400
2026/09/24 09:48:53.582, P0, 2017 MHz, 6101 MHz, 44 %, 79, 43.70 W, 0x0000000000000400
2026/09/24 09:48:53.838, P0, 2017 MHz, 6101 MHz, 38 %, 79, 43.64 W, 0x0000000000000400
2026/09/24 09:48:54.102, P0, 2017 MHz, 6101 MHz, 38 %, 79, 43.64 W, 0x0000000000000400
2026/09/24 09:48:54.353, P0, 2017 MHz, 6101 MHz, 47 %, 80, 43.19 W, 0x0000000000000400
2026/09/24 09:48:54.618, P0, 2017 MHz, 6101 MHz, 47 %, 80, 43.19 W, 0x0000000000000400
2026/09/24 09:48:54.871, P0, 2017 MHz, 6101 MHz, 45 %, 80, 43.56 W, 0x0000000000000400
2026/09/24 09:48:55.136, P0, 2017 MHz, 6101 MHz, 45 %, 80, 43.56 W, 0x0000000000000400
2026/09/24 09:48:55.387, P0, 2017 MHz, 6101 MHz, 46 %, 80, 44.13 W, 0x0000000000000400
2026/09/24 09:48:55.637, P0, 2017 MHz, 6101 MHz, 46 %, 80, 44.13 W, 0x0000000000000400
2026/09/24 09:48:55.903, P0, 2017 MHz, 6101 MHz, 45 %, 80, 44.08 W, 0x0000000000000400
2026/09/24 09:48:56.154, P0, 2017 MHz, 6101 MHz, 45 %, 80, 44.08 W, 0x0000000000000400
2026/09/24 09:48:56.417, P0, 1957 MHz, 6101 MHz, 45 %, 79, 43.22 W, 0x0000000000000020
2026/09/24 09:48:56.669, P0, 1957 MHz, 6101 MHz, 45 %, 79, 43.22 W, 0x0000000000000020
2026/09/24 09:48:56.922, P0, 1965 MHz, 6101 MHz, 43 %, 79, 40.96 W, 0x0000000000000020
2026/09/24 09:48:57.187, P0, 1965 MHz, 6101 MHz, 43 %, 79, 40.96 W, 0x0000000000000020
2026/09/24 09:48:57.438, P0, 1972 MHz, 6101 MHz, 44 %, 79, 39.04 W, 0x0000000000000020
2026/09/24 09:48:57.689, P0, 1972 MHz, 6101 MHz, 44 %, 79, 39.04 W, 0x0000000000000020
2026/09/24 09:48:57.953, P0, 1957 MHz, 6101 MHz, 48 %, 79, 39.15 W, 0x0000000000000020
2026/09/24 09:48:58.209, P0, 1957 MHz, 6101 MHz, 48 %, 79, 39.15 W, 0x0000000000000020
2026/09/24 09:48:58.460, P0, 1980 MHz, 6101 MHz, 41 %, 79, 39.10 W, 0x0000000000000020
2026/09/24 09:48:58.712, P0, 1980 MHz, 6101 MHz, 41 %, 79, 39.10 W, 0x0000000000000020
2026/09/24 09:48:58.962, P0, 1957 MHz, 6101 MHz, 48 %, 79, 39.00 W, 0x0000000000000020
2026/09/24 09:48:59.227, P0, 1957 MHz, 6101 MHz, 48 %, 79, 39.00 W, 0x0000000000000020
2026/09/24 09:48:59.479, P0, 1957 MHz, 6101 MHz, 47 %, 79, 39.09 W, 0x0000000000000020
2026/09/24 09:48:59.743, P0, 1957 MHz, 6101 MHz, 47 %, 80, 39.23 W, 0x0000000000000020
2026/09/24 09:48:59.995, P0, 1957 MHz, 6101 MHz, 47 %, 80, 39.23 W, 0x0000000000000020
2026/09/24 09:49:00.260, P0, 1950 MHz, 6101 MHz, 48 %, 79, 39.21 W, 0x0000000000000020
2026/09/24 09:49:00.511, P0, 1950 MHz, 6101 MHz, 48 %, 79, 39.21 W, 0x0000000000000020
2026/09/24 09:49:00.775, P0, 1957 MHz, 6101 MHz, 47 %, 79, 39.19 W, 0x0000000000000020
2026/09/24 09:49:01.027, P0, 1957 MHz, 6101 MHz, 47 %, 79, 39.19 W, 0x0000000000000020
2026/09/24 09:49:01.277, P0, 1965 MHz, 6101 MHz, 45 %, 80, 39.11 W, 0x0000000000000020
2026/09/24 09:49:01.528, P0, 1965 MHz, 6101 MHz, 45 %, 80, 39.11 W, 0x0000000000000020
2026/09/24 09:49:01.792, P0, 1972 MHz, 6101 MHz, 43 %, 79, 39.05 W, 0x0000000000000020
2026/09/24 09:49:02.057, P0, 1972 MHz, 6101 MHz, 43 %, 79, 39.05 W, 0x0000000000000020
2026/09/24 09:49:02.322, P0, 1950 MHz, 6101 MHz, 47 %, 80, 39.25 W, 0x0000000000000020
2026/09/24 09:49:02.574, P0, 1950 MHz, 6101 MHz, 47 %, 80, 39.25 W, 0x0000000000000020
2026/09/24 09:49:02.827, P0, 1972 MHz, 6101 MHz, 41 %, 80, 39.21 W, 0x0000000000000020
2026/09/24 09:49:03.091, P0, 1972 MHz, 6101 MHz, 41 %, 80, 39.21 W, 0x0000000000000020
2026/09/24 09:49:03.341, P0, 1950 MHz, 6101 MHz, 48 %, 80, 39.12 W, 0x0000000000000020
2026/09/24 09:49:03.592, P0, 1950 MHz, 6101 MHz, 48 %, 80, 39.12 W, 0x0000000000000020
2026/09/24 09:49:03.845, P0, 1957 MHz, 6101 MHz, 48 %, 80, 39.24 W, 0x0000000000000020
2026/09/24 09:49:04.109, P0, 1957 MHz, 6101 MHz, 48 %, 80, 39.24 W, 0x0000000000000020
2026/09/24 09:49:04.359, P0, 1972 MHz, 6101 MHz, 49 %, 80, 39.18 W, 0x0000000000000020
2026/09/24 09:49:04.624, P0, 1972 MHz, 6101 MHz, 49 %, 80, 39.18 W, 0x0000000000000020
2026/09/24 09:49:04.875, P0, 1957 MHz, 6101 MHz, 48 %, 80, 39.19 W, 0x0000000000000020
2026/09/24 09:49:05.139, P0, 1957 MHz, 6101 MHz, 48 %, 80, 39.19 W, 0x0000000000000020
2026/09/24 09:49:05.390, P0, 1965 MHz, 6101 MHz, 46 %, 80, 38.86 W, 0x0000000000000020
2026/09/24 09:49:05.654, P0, 1965 MHz, 6101 MHz, 46 %, 80, 38.86 W, 0x0000000000000020
2026/09/24 09:49:05.919, P0, 1980 MHz, 6101 MHz, 43 %, 80, 39.10 W, 0x0000000000000020
2026/09/24 09:49:06.170, P0, 1980 MHz, 6101 MHz, 43 %, 80, 39.10 W, 0x0000000000000020
2026/09/24 09:49:06.421, P0, 1972 MHz, 6101 MHz, 45 %, 80, 39.16 W, 0x0000000000000020
2026/09/24 09:49:06.684, P0, 1972 MHz, 6101 MHz, 45 %, 80, 39.16 W, 0x0000000000000020
2026/09/24 09:49:06.936, P0, 1965 MHz, 6101 MHz, 47 %, 80, 39.25 W, 0x0000000000000020
2026/09/24 09:49:07.201, P0, 1965 MHz, 6101 MHz, 47 %, 80, 39.25 W, 0x0000000000000020
2026/09/24 09:49:07.467, P0, 1980 MHz, 6101 MHz, 43 %, 80, 39.18 W, 0x0000000000000020
2026/09/24 09:49:07.719, P0, 1980 MHz, 6101 MHz, 43 %, 80, 39.18 W, 0x0000000000000020
2026/09/24 09:49:07.983, P0, 1957 MHz, 6101 MHz, 47 %, 80, 39.01 W, 0x0000000000000020
2026/09/24 09:49:08.248, P0, 1890 MHz, 6101 MHz, 47 %, 79, 37.80 W, 0x0000000000000020
2026/09/24 09:49:08.501, P0, 1890 MHz, 6101 MHz, 47 %, 79, 37.80 W, 0x0000000000000020
2026/09/24 09:49:08.753, P0, 1890 MHz, 6101 MHz, 47 %, 79, 35.67 W, 0x0000000000000020
2026/09/24 09:49:09.017, P0, 1890 MHz, 6101 MHz, 47 %, 79, 35.67 W, 0x0000000000000020
2026/09/24 09:49:09.282, P0, 1875 MHz, 6101 MHz, 48 %, 79, 34.36 W, 0x0000000000000020
2026/09/24 09:49:09.545, P0, 1875 MHz, 6101 MHz, 48 %, 79, 34.36 W, 0x0000000000000020
2026/09/24 09:49:09.810, P0, 1965 MHz, 6101 MHz, 46 %, 80, 35.03 W, 0x0000000000000020
2026/09/24 09:49:10.074, P0, 1965 MHz, 6101 MHz, 46 %, 80, 35.03 W, 0x0000000000000020
2026/09/24 09:49:10.326, P0, 1965 MHz, 6101 MHz, 44 %, 80, 37.18 W, 0x0000000000000020
2026/09/24 09:49:10.591, P0, 1965 MHz, 6101 MHz, 44 %, 80, 37.18 W, 0x0000000000000020
2026/09/24 09:49:10.856, P0, 1965 MHz, 6101 MHz, 44 %, 80, 38.95 W, 0x0000000000000020
2026/09/24 09:49:11.119, P0, 1965 MHz, 6101 MHz, 44 %, 80, 38.95 W, 0x0000000000000020
2026/09/24 09:49:11.370, P0, 1965 MHz, 6101 MHz, 47 %, 80, 39.01 W, 0x0000000000000020
2026/09/24 09:49:11.635, P0, 1965 MHz, 6101 MHz, 47 %, 80, 39.01 W, 0x0000000000000020
2026/09/24 09:49:11.886, P0, 1965 MHz, 6101 MHz, 41 %, 80, 38.96 W, 0x0000000000000020
2026/09/24 09:49:12.152, P0, 1965 MHz, 6101 MHz, 41 %, 80, 38.96 W, 0x0000000000000020
2026/09/24 09:49:12.416, P0, 1957 MHz, 6101 MHz, 45 %, 80, 38.90 W, 0x0000000000000020
2026/09/24 09:49:12.667, P0, 1957 MHz, 6101 MHz, 45 %, 80, 38.90 W, 0x0000000000000020
2026/09/24 09:49:12.932, P0, 1867 MHz, 6101 MHz, 47 %, 79, 37.61 W, 0x0000000000000020
2026/09/24 09:49:13.195, P0, 1867 MHz, 6101 MHz, 47 %, 79, 37.61 W, 0x0000000000000020
2026/09/24 09:49:13.447, P0, 1867 MHz, 6101 MHz, 48 %, 79, 35.67 W, 0x0000000000000020
2026/09/24 09:49:13.711, P0, 1867 MHz, 6101 MHz, 48 %, 79, 35.67 W, 0x0000000000000020
2026/09/24 09:49:13.976, P0, 1867 MHz, 6101 MHz, 47 %, 79, 34.36 W, 0x0000000000000020
2026/09/24 09:49:14.227, P0, 1867 MHz, 6101 MHz, 47 %, 79, 34.36 W, 0x0000000000000020
2026/09/24 09:49:14.478, P0, 1867 MHz, 6101 MHz, 46 %, 79, 34.35 W, 0x0000000000000020
2026/09/24 09:49:14.742, P0, 1882 MHz, 6101 MHz, 43 %, 79, 33.82 W, 0x0000000000000020
2026/09/24 09:49:14.992, P0, 1882 MHz, 6101 MHz, 43 %, 79, 33.82 W, 0x0000000000000020
2026/09/24 09:49:15.246, P0, 2017 MHz, 6101 MHz, 1 %, 79, 31.98 W, 0x0000000000000400
2026/09/24 09:49:15.504, P0, 2017 MHz, 6101 MHz, 1 %, 79, 31.98 W, 0x0000000000000400
2026/09/24 09:49:15.761, P8, 1740 MHz, 6100 MHz, 0 %, 71, 3.10 W, 0x0000000000000001
2026/09/24 09:49:16.665, P0, 1740 MHz, 6101 MHz, 0 %, 75, 20.31 W, 0x0000000000000001
2026/09/24 09:49:16.918, P0, 1740 MHz, 6101 MHz, 0 %, 75, 20.31 W, 0x0000000000000001
2026/09/24 09:49:17.172, P0, 1740 MHz, 6101 MHz, 1 %, 76, 19.21 W, 0x0000000000000001
2026/09/24 09:49:17.425, P0, 1740 MHz, 6101 MHz, 1 %, 76, 19.21 W, 0x0000000000000001
2026/09/24 09:49:17.677, P0, 1740 MHz, 6101 MHz, 26 %, 77, 24.60 W, 0x0000000000000001
2026/09/24 09:49:17.928, P0, 1740 MHz, 6101 MHz, 26 %, 77, 24.60 W, 0x0000000000000001
2026/09/24 09:49:18.180, P0, 1740 MHz, 6101 MHz, 23 %, 77, 25.02 W, 0x0000000000000001
2026/09/24 09:49:18.432, P0, 1740 MHz, 6101 MHz, 23 %, 77, 25.02 W, 0x0000000000000001
2026/09/24 09:49:18.684, P0, 1740 MHz, 6101 MHz, 23 %, 77, 24.30 W, 0x0000000000000001
2026/09/24 09:49:18.935, P0, 1740 MHz, 6101 MHz, 23 %, 77, 24.30 W, 0x0000000000000001
2026/09/24 09:49:19.187, P0, 1740 MHz, 6101 MHz, 23 %, 77, 24.64 W, 0x0000000000000001
2026/09/24 09:49:19.451, P0, 1740 MHz, 6101 MHz, 23 %, 77, 24.64 W, 0x0000000000000001
2026/09/24 09:49:19.701, P0, 1740 MHz, 6101 MHz, 24 %, 77, 27.15 W, 0x0000000000000001
2026/09/24 09:49:19.955, P0, 1740 MHz, 6101 MHz, 24 %, 77, 27.15 W, 0x0000000000000001
2026/09/24 09:49:20.206, P0, 1740 MHz, 6101 MHz, 24 %, 77, 24.77 W, 0x0000000000000001
2026/09/24 09:49:20.456, P0, 1740 MHz, 6101 MHz, 24 %, 77, 24.77 W, 0x0000000000000001
2026/09/24 09:49:20.721, P0, 1740 MHz, 6101 MHz, 23 %, 77, 24.77 W, 0x0000000000000001
2026/09/24 09:49:20.971, P0, 1740 MHz, 6101 MHz, 23 %, 77, 24.77 W, 0x0000000000000001
2026/09/24 09:49:21.223, P0, 1740 MHz, 6101 MHz, 24 %, 77, 24.70 W, 0x0000000000000001
2026/09/24 09:49:21.488, P0, 1740 MHz, 6101 MHz, 21 %, 77, 24.97 W, 0x0000000000000001
2026/09/24 09:49:21.739, P0, 1740 MHz, 6101 MHz, 21 %, 77, 24.97 W, 0x0000000000000001
2026/09/24 09:49:21.990, P0, 1740 MHz, 6101 MHz, 25 %, 77, 24.20 W, 0x0000000000000001
2026/09/24 09:49:22.242, P0, 1740 MHz, 6101 MHz, 25 %, 77, 24.20 W, 0x0000000000000001
2026/09/24 09:49:22.506, P0, 1740 MHz, 6101 MHz, 22 %, 77, 24.54 W, 0x0000000000000001
2026/09/24 09:49:22.771, P0, 1740 MHz, 6101 MHz, 22 %, 77, 24.54 W, 0x0000000000000001
2026/09/24 09:49:23.021, P0, 1740 MHz, 6101 MHz, 24 %, 77, 23.99 W, 0x0000000000000001
2026/09/24 09:49:23.273, P0, 1740 MHz, 6101 MHz, 24 %, 77, 23.99 W, 0x0000000000000001
2026/09/24 09:49:23.524, P0, 1740 MHz, 6101 MHz, 24 %, 77, 24.16 W, 0x0000000000000001
2026/09/24 09:49:23.776, P0, 1740 MHz, 6101 MHz, 24 %, 77, 24.16 W, 0x0000000000000001
2026/09/24 09:49:24.042, P0, 1740 MHz, 6101 MHz, 26 %, 77, 25.67 W, 0x0000000000000001
2026/09/24 09:49:24.292, P0, 1740 MHz, 6101 MHz, 26 %, 77, 25.67 W, 0x0000000000000001
2026/09/24 09:49:24.545, P0, 1740 MHz, 6101 MHz, 26 %, 76, 24.65 W, 0x0000000000000001
2026/09/24 09:49:24.811, P0, 1740 MHz, 6101 MHz, 26 %, 76, 24.65 W, 0x0000000000000001
2026/09/24 09:49:25.061, P0, 1740 MHz, 6101 MHz, 24 %, 76, 24.56 W, 0x0000000000000001
2026/09/24 09:49:25.327, P0, 1740 MHz, 6101 MHz, 24 %, 76, 24.56 W, 0x0000000000000001
2026/09/24 09:49:25.579, P0, 1740 MHz, 6101 MHz, 23 %, 76, 23.81 W, 0x0000000000000001
2026/09/24 09:49:25.844, P0, 1740 MHz, 6101 MHz, 23 %, 76, 23.81 W, 0x0000000000000001
2026/09/24 09:49:26.095, P0, 1740 MHz, 6101 MHz, 22 %, 76, 23.67 W, 0x0000000000000001
2026/09/24 09:49:26.361, P0, 1740 MHz, 6101 MHz, 22 %, 76, 23.67 W, 0x0000000000000001
2026/09/24 09:49:26.611, P0, 1740 MHz, 6101 MHz, 27 %, 76, 24.00 W, 0x0000000000000001
2026/09/24 09:49:26.877, P0, 1740 MHz, 6101 MHz, 27 %, 76, 24.00 W, 0x0000000000000001
2026/09/24 09:49:27.142, P0, 1740 MHz, 6101 MHz, 27 %, 76, 24.39 W, 0x0000000000000001
2026/09/24 09:49:27.406, P0, 1740 MHz, 6101 MHz, 27 %, 76, 24.39 W, 0x0000000000000001
2026/09/24 09:49:27.659, P0, 1740 MHz, 6101 MHz, 23 %, 76, 20.92 W, 0x0000000000000001
2026/09/24 09:49:27.911, P0, 1740 MHz, 6101 MHz, 23 %, 76, 20.92 W, 0x0000000000000001
2026/09/24 09:49:28.162, P0, 1740 MHz, 6101 MHz, 23 %, 76, 24.27 W, 0x0000000000000001
2026/09/24 09:49:28.413, P0, 1740 MHz, 6101 MHz, 23 %, 76, 24.27 W, 0x0000000000000001
2026/09/24 09:49:28.665, P0, 1740 MHz, 6101 MHz, 26 %, 76, 24.29 W, 0x0000000000000001
2026/09/24 09:49:28.930, P0, 1740 MHz, 6101 MHz, 26 %, 76, 24.29 W, 0x0000000000000001
2026/09/24 09:49:29.181, P0, 1740 MHz, 6101 MHz, 23 %, 76, 24.21 W, 0x0000000000000001
2026/09/24 09:49:29.433, P0, 1740 MHz, 6101 MHz, 23 %, 76, 24.21 W, 0x0000000000000001
2026/09/24 09:49:29.685, P0, 1740 MHz, 6101 MHz, 25 %, 76, 24.28 W, 0x0000000000000001
2026/09/24 09:49:29.939, P0, 1740 MHz, 6101 MHz, 25 %, 76, 24.28 W, 0x0000000000000001
2026/09/24 09:49:30.191, P0, 1740 MHz, 6101 MHz, 25 %, 76, 24.20 W, 0x0000000000000001
2026/09/24 09:49:30.442, P0, 1740 MHz, 6101 MHz, 25 %, 76, 24.20 W, 0x0000000000000001
2026/09/24 09:49:30.693, P0, 1740 MHz, 6101 MHz, 24 %, 76, 24.20 W, 0x0000000000000001
2026/09/24 09:49:30.943, P0, 1740 MHz, 6101 MHz, 24 %, 76, 24.20 W, 0x0000000000000001
2026/09/24 09:49:31.195, P0, 1740 MHz, 6101 MHz, 25 %, 76, 24.17 W, 0x0000000000000001
2026/09/24 09:49:31.447, P0, 1740 MHz, 6101 MHz, 25 %, 76, 24.17 W, 0x0000000000000001
2026/09/24 09:49:31.700, P0, 1740 MHz, 6101 MHz, 23 %, 76, 23.53 W, 0x0000000000000001
2026/09/24 09:49:31.965, P0, 1740 MHz, 6101 MHz, 23 %, 76, 23.53 W, 0x0000000000000001
2026/09/24 09:49:32.219, P0, 1740 MHz, 6101 MHz, 24 %, 76, 23.80 W, 0x0000000000000001
2026/09/24 09:49:32.470, P0, 1740 MHz, 6101 MHz, 24 %, 76, 23.80 W, 0x0000000000000001
2026/09/24 09:49:32.724, P0, 1740 MHz, 6101 MHz, 25 %, 76, 23.77 W, 0x0000000000000001
2026/09/24 09:49:32.975, P0, 1740 MHz, 6101 MHz, 25 %, 76, 23.77 W, 0x0000000000000001
2026/09/24 09:49:33.226, P0, 1740 MHz, 6101 MHz, 26 %, 76, 23.72 W, 0x0000000000000001
2026/09/24 09:49:33.477, P0, 1740 MHz, 6101 MHz, 25 %, 76, 24.33 W, 0x0000000000000001
2026/09/24 09:49:33.731, P0, 1740 MHz, 6101 MHz, 25 %, 76, 24.33 W, 0x0000000000000001
2026/09/24 09:49:33.981, P0, 1740 MHz, 6101 MHz, 27 %, 76, 24.27 W, 0x0000000000000001
2026/09/24 09:49:34.232, P0, 1740 MHz, 6101 MHz, 27 %, 76, 24.27 W, 0x0000000000000001
2026/09/24 09:49:34.497, P0, 1740 MHz, 6101 MHz, 23 %, 75, 23.59 W, 0x0000000000000001
2026/09/24 09:49:34.747, P0, 1740 MHz, 6101 MHz, 23 %, 75, 23.59 W, 0x0000000000000001
2026/09/24 09:49:34.998, P0, 1740 MHz, 6101 MHz, 23 %, 75, 23.34 W, 0x0000000000000001
2026/09/24 09:49:35.250, P0, 1740 MHz, 6101 MHz, 23 %, 75, 23.34 W, 0x0000000000000001
2026/09/24 09:49:35.516, P0, 1740 MHz, 6101 MHz, 24 %, 75, 23.51 W, 0x0000000000000001
2026/09/24 09:49:35.770, P0, 1740 MHz, 6101 MHz, 24 %, 75, 23.51 W, 0x0000000000000001
2026/09/24 09:49:36.020, P0, 1740 MHz, 6101 MHz, 26 %, 75, 23.66 W, 0x0000000000000001
2026/09/24 09:49:36.273, P0, 1740 MHz, 6101 MHz, 26 %, 75, 23.66 W, 0x0000000000000001
2026/09/24 09:49:36.526, P0, 1740 MHz, 6101 MHz, 27 %, 75, 24.09 W, 0x0000000000000001
2026/09/24 09:49:36.778, P0, 1740 MHz, 6101 MHz, 27 %, 75, 24.09 W, 0x0000000000000001
2026/09/24 09:49:37.028, P0, 1740 MHz, 6101 MHz, 26 %, 75, 24.16 W, 0x0000000000000001
2026/09/24 09:49:37.281, P0, 1740 MHz, 6101 MHz, 26 %, 75, 24.16 W, 0x0000000000000001
2026/09/24 09:49:37.532, P0, 1740 MHz, 6101 MHz, 25 %, 75, 24.13 W, 0x0000000000000001
2026/09/24 09:49:37.784, P0, 1740 MHz, 6101 MHz, 25 %, 75, 24.13 W, 0x0000000000000001
2026/09/24 09:49:38.034, P0, 1740 MHz, 6101 MHz, 25 %, 75, 24.01 W, 0x0000000000000001
2026/09/24 09:49:38.300, P0, 1740 MHz, 6101 MHz, 25 %, 75, 24.01 W, 0x0000000000000001
2026/09/24 09:49:38.550, P0, 1740 MHz, 6101 MHz, 25 %, 75, 24.05 W, 0x0000000000000001
2026/09/24 09:49:38.802, P0, 1740 MHz, 6101 MHz, 25 %, 75, 24.05 W, 0x0000000000000001
2026/09/24 09:49:39.054, P0, 1740 MHz, 6101 MHz, 26 %, 75, 24.15 W, 0x0000000000000001
2026/09/24 09:49:39.320, P0, 1740 MHz, 6101 MHz, 26 %, 75, 24.15 W, 0x0000000000000001
2026/09/24 09:49:39.586, P0, 1740 MHz, 6101 MHz, 25 %, 75, 24.09 W, 0x0000000000000001
2026/09/24 09:49:39.836, P0, 1740 MHz, 6101 MHz, 25 %, 75, 24.09 W, 0x0000000000000001
2026/09/24 09:49:40.089, P0, 1740 MHz, 6101 MHz, 24 %, 75, 24.06 W, 0x0000000000000001
2026/09/24 09:49:40.341, P0, 1740 MHz, 6101 MHz, 24 %, 75, 24.06 W, 0x0000000000000001
2026/09/24 09:49:40.593, P0, 1740 MHz, 6101 MHz, 24 %, 75, 23.86 W, 0x0000000000000001
2026/09/24 09:49:40.859, P0, 1740 MHz, 6101 MHz, 24 %, 75, 23.86 W, 0x0000000000000001
2026/09/24 09:49:41.124, P0, 1740 MHz, 6101 MHz, 22 %, 75, 23.75 W, 0x0000000000000001
2026/09/24 09:49:41.389, P0, 1740 MHz, 6101 MHz, 22 %, 75, 23.75 W, 0x0000000000000001
2026/09/24 09:49:41.655, P0, 1740 MHz, 6101 MHz, 25 %, 75, 23.67 W, 0x0000000000000001
2026/09/24 09:49:41.906, P0, 1740 MHz, 6101 MHz, 25 %, 75, 23.67 W, 0x0000000000000001
2026/09/24 09:49:42.160, P0, 1740 MHz, 6101 MHz, 24 %, 75, 23.67 W, 0x0000000000000001
2026/09/24 09:49:42.425, P0, 1740 MHz, 6101 MHz, 24 %, 75, 23.67 W, 0x0000000000000001
2026/09/24 09:49:42.677, P0, 1740 MHz, 6101 MHz, 26 %, 75, 24.38 W, 0x0000000000000001
2026/09/24 09:49:42.928, P0, 1740 MHz, 6101 MHz, 26 %, 75, 24.38 W, 0x0000000000000001
2026/09/24 09:49:43.193, P0, 1740 MHz, 6101 MHz, 25 %, 75, 24.27 W, 0x0000000000000001
2026/09/24 09:49:43.445, P0, 1740 MHz, 6101 MHz, 25 %, 75, 24.27 W, 0x0000000000000001
2026/09/24 09:49:43.708, P0, 1740 MHz, 6101 MHz, 24 %, 75, 23.92 W, 0x0000000000000001
2026/09/24 09:49:43.960, P0, 1740 MHz, 6101 MHz, 24 %, 75, 23.92 W, 0x0000000000000001
2026/09/24 09:49:44.211, P0, 1740 MHz, 6101 MHz, 22 %, 75, 24.81 W, 0x0000000000000001
2026/09/24 09:49:44.464, P0, 1740 MHz, 6101 MHz, 22 %, 75, 24.81 W, 0x0000000000000001
2026/09/24 09:49:44.715, P0, 1740 MHz, 6101 MHz, 22 %, 75, 23.38 W, 0x0000000000000001
2026/09/24 09:49:44.967, P0, 1740 MHz, 6101 MHz, 22 %, 75, 23.38 W, 0x0000000000000001
2026/09/24 09:49:45.218, P0, 1740 MHz, 6101 MHz, 24 %, 75, 24.19 W, 0x0000000000000001
2026/09/24 09:49:45.471, P0, 1740 MHz, 6101 MHz, 24 %, 75, 24.19 W, 0x0000000000000001
2026/09/24 09:49:45.721, P0, 1740 MHz, 6101 MHz, 26 %, 75, 24.09 W, 0x0000000000000001
2026/09/24 09:49:45.988, P0, 1740 MHz, 6101 MHz, 25 %, 75, 23.47 W, 0x0000000000000001
2026/09/24 09:49:46.241, P0, 1740 MHz, 6101 MHz, 25 %, 75, 23.47 W, 0x0000000000000001
2026/09/24 09:49:46.505, P0, 1740 MHz, 6101 MHz, 25 %, 75, 24.09 W, 0x0000000000000001
2026/09/24 09:49:46.757, P0, 1740 MHz, 6101 MHz, 25 %, 75, 24.09 W, 0x0000000000000001
2026/09/24 09:49:47.023, P0, 1740 MHz, 6101 MHz, 26 %, 75, 24.12 W, 0x0000000000000001
2026/09/24 09:49:47.274, P0, 1740 MHz, 6101 MHz, 26 %, 75, 24.12 W, 0x0000000000000001
2026/09/24 09:49:47.529, P0, 1740 MHz, 6101 MHz, 24 %, 75, 23.97 W, 0x0000000000000001
2026/09/24 09:49:47.781, P0, 1740 MHz, 6101 MHz, 24 %, 75, 23.97 W, 0x0000000000000001
2026/09/24 09:49:48.032, P0, 1740 MHz, 6101 MHz, 24 %, 75, 24.53 W, 0x0000000000000001
2026/09/24 09:49:48.285, P0, 1740 MHz, 6101 MHz, 24 %, 75, 24.53 W, 0x0000000000000001
2026/09/24 09:49:48.550, P0, 1740 MHz, 6101 MHz, 25 %, 75, 24.15 W, 0x0000000000000001
2026/09/24 09:49:48.802, P0, 1740 MHz, 6101 MHz, 25 %, 75, 24.15 W, 0x0000000000000001
2026/09/24 09:49:49.053, P0, 1740 MHz, 6101 MHz, 26 %, 75, 24.10 W, 0x0000000000000001
2026/09/24 09:49:49.303, P0, 1740 MHz, 6101 MHz, 26 %, 75, 24.10 W, 0x0000000000000001
2026/09/24 09:49:49.556, P0, 1740 MHz, 6101 MHz, 24 %, 75, 23.65 W, 0x0000000000000001
2026/09/24 09:49:49.808, P0, 1740 MHz, 6101 MHz, 24 %, 75, 23.65 W, 0x0000000000000001
2026/09/24 09:49:50.060, P0, 1740 MHz, 6101 MHz, 25 %, 75, 23.71 W, 0x0000000000000001
2026/09/24 09:49:50.311, P0, 1740 MHz, 6101 MHz, 25 %, 75, 23.71 W, 0x0000000000000001
2026/09/24 09:49:50.565, P0, 1740 MHz, 6101 MHz, 22 %, 75, 24.60 W, 0x0000000000000001
2026/09/24 09:49:50.820, P0, 1740 MHz, 6101 MHz, 22 %, 75, 24.60 W, 0x0000000000000001
2026/09/24 09:49:51.084, P0, 1740 MHz, 6101 MHz, 24 %, 75, 23.64 W, 0x0000000000000001
2026/09/24 09:49:51.336, P0, 1740 MHz, 6101 MHz, 24 %, 75, 23.64 W, 0x0000000000000001
2026/09/24 09:49:51.587, P0, 1740 MHz, 6101 MHz, 24 %, 75, 25.17 W, 0x0000000000000001
2026/09/24 09:49:51.839, P0, 1740 MHz, 6101 MHz, 24 %, 75, 25.17 W, 0x0000000000000001
2026/09/24 09:49:52.093, P0, 1740 MHz, 6101 MHz, 26 %, 75, 24.34 W, 0x0000000000000001
2026/09/24 09:49:52.345, P0, 1740 MHz, 6101 MHz, 26 %, 75, 24.34 W, 0x0000000000000001
2026/09/24 09:49:52.596, P0, 1740 MHz, 6101 MHz, 24 %, 75, 24.10 W, 0x0000000000000001
2026/09/24 09:49:52.848, P0, 1740 MHz, 6101 MHz, 24 %, 75, 24.10 W, 0x0000000000000001
2026/09/24 09:49:53.099, P0, 1740 MHz, 6101 MHz, 20 %, 75, 23.75 W, 0x0000000000000001
2026/09/24 09:49:53.364, P0, 1740 MHz, 6101 MHz, 20 %, 75, 23.75 W, 0x0000000000000001
2026/09/24 09:49:53.616, P0, 1740 MHz, 6101 MHz, 24 %, 75, 23.48 W, 0x0000000000000001
2026/09/24 09:49:53.869, P0, 1740 MHz, 6101 MHz, 24 %, 75, 23.48 W, 0x0000000000000001
2026/09/24 09:49:54.133, P0, 1740 MHz, 6101 MHz, 25 %, 75, 23.95 W, 0x0000000000000001
2026/09/24 09:49:54.385, P0, 1740 MHz, 6101 MHz, 25 %, 75, 23.95 W, 0x0000000000000001
2026/09/24 09:49:54.636, P0, 1740 MHz, 6101 MHz, 22 %, 75, 23.87 W, 0x0000000000000001
2026/09/24 09:49:54.901, P0, 1740 MHz, 6101 MHz, 22 %, 75, 23.87 W, 0x0000000000000001
2026/09/24 09:49:55.152, P0, 1740 MHz, 6101 MHz, 25 %, 75, 24.03 W, 0x0000000000000001
2026/09/24 09:49:55.417, P0, 1740 MHz, 6101 MHz, 25 %, 75, 24.03 W, 0x0000000000000001
2026/09/24 09:49:55.670, P0, 1740 MHz, 6101 MHz, 24 %, 75, 23.95 W, 0x0000000000000001
2026/09/24 09:49:55.924, P0, 1740 MHz, 6101 MHz, 24 %, 75, 23.95 W, 0x0000000000000001
2026/09/24 09:49:56.177, P0, 1740 MHz, 6101 MHz, 23 %, 75, 24.05 W, 0x0000000000000001
2026/09/24 09:49:56.441, P0, 1740 MHz, 6101 MHz, 23 %, 75, 24.05 W, 0x0000000000000001
2026/09/24 09:49:56.695, P0, 1740 MHz, 6101 MHz, 23 %, 75, 24.10 W, 0x0000000000000001
2026/09/24 09:49:56.947, P0, 1740 MHz, 6101 MHz, 23 %, 75, 24.10 W, 0x0000000000000001
2026/09/24 09:49:57.212, P0, 1740 MHz, 6101 MHz, 25 %, 75, 24.00 W, 0x0000000000000001
2026/09/24 09:49:57.463, P0, 1740 MHz, 6101 MHz, 25 %, 75, 24.00 W, 0x0000000000000001
2026/09/24 09:49:57.716, P0, 1740 MHz, 6101 MHz, 24 %, 75, 24.08 W, 0x0000000000000001
2026/09/24 09:49:57.968, P0, 1740 MHz, 6101 MHz, 24 %, 75, 24.08 W, 0x0000000000000001
2026/09/24 09:49:58.233, P0, 1740 MHz, 6101 MHz, 23 %, 75, 24.12 W, 0x0000000000000001
2026/09/24 09:49:58.486, P0, 1740 MHz, 6101 MHz, 25 %, 75, 24.03 W, 0x0000000000000001
2026/09/24 09:49:58.737, P0, 1740 MHz, 6101 MHz, 25 %, 75, 24.03 W, 0x0000000000000001
2026/09/24 09:49:58.989, P0, 1740 MHz, 6101 MHz, 21 %, 75, 23.60 W, 0x0000000000000001
2026/09/24 09:49:59.253, P0, 1740 MHz, 6101 MHz, 21 %, 75, 23.60 W, 0x0000000000000001
2026/09/24 09:49:59.504, P0, 1740 MHz, 6101 MHz, 23 %, 75, 23.65 W, 0x0000000000000001
2026/09/24 09:49:59.769, P0, 1740 MHz, 6101 MHz, 23 %, 75, 23.65 W, 0x0000000000000001
2026/09/24 09:50:00.022, P0, 1740 MHz, 6101 MHz, 21 %, 75, 23.64 W, 0x0000000000000001
2026/09/24 09:50:00.286, P0, 1740 MHz, 6101 MHz, 21 %, 75, 23.64 W, 0x0000000000000001
2026/09/24 09:50:00.540, P0, 1740 MHz, 6101 MHz, 21 %, 75, 23.60 W, 0x0000000000000001
2026/09/24 09:50:00.791, P0, 1740 MHz, 6101 MHz, 21 %, 75, 23.60 W, 0x0000000000000001
2026/09/24 09:50:01.043, P0, 1740 MHz, 6101 MHz, 25 %, 75, 24.64 W, 0x0000000000000001
2026/09/24 09:50:01.294, P0, 1740 MHz, 6101 MHz, 25 %, 75, 24.64 W, 0x0000000000000001
2026/09/24 09:50:01.547, P0, 1740 MHz, 6101 MHz, 24 %, 75, 25.50 W, 0x0000000000000001
2026/09/24 09:50:01.798, P0, 1740 MHz, 6101 MHz, 24 %, 75, 25.50 W, 0x0000000000000001
2026/09/24 09:50:02.049, P0, 1740 MHz, 6101 MHz, 22 %, 75, 23.78 W, 0x0000000000000001
2026/09/24 09:50:02.301, P0, 1740 MHz, 6101 MHz, 22 %, 75, 23.78 W, 0x0000000000000001
2026/09/24 09:50:02.552, P0, 1740 MHz, 6101 MHz, 24 %, 75, 23.27 W, 0x0000000000000001
2026/09/24 09:50:02.807, P0, 1740 MHz, 6101 MHz, 24 %, 75, 23.27 W, 0x0000000000000001
2026/09/24 09:50:03.059, P0, 1740 MHz, 6101 MHz, 23 %, 75, 23.46 W, 0x0000000000000001
2026/09/24 09:50:03.325, P0, 1740 MHz, 6101 MHz, 23 %, 75, 23.46 W, 0x0000000000000001
2026/09/24 09:50:03.590, P0, 1740 MHz, 6101 MHz, 24 %, 75, 24.05 W, 0x0000000000000001
2026/09/24 09:50:03.855, P0, 1740 MHz, 6101 MHz, 24 %, 75, 24.05 W, 0x0000000000000001
2026/09/24 09:50:04.106, P0, 1740 MHz, 6101 MHz, 25 %, 75, 24.13 W, 0x0000000000000001
2026/09/24 09:50:04.372, P0, 1740 MHz, 6101 MHz, 25 %, 75, 24.13 W, 0x0000000000000001
2026/09/24 09:50:04.624, P0, 1740 MHz, 6101 MHz, 26 %, 75, 24.25 W, 0x0000000000000001
2026/09/24 09:50:04.889, P0, 1740 MHz, 6101 MHz, 26 %, 75, 24.25 W, 0x0000000000000001
2026/09/24 09:50:05.139, P0, 1740 MHz, 6101 MHz, 23 %, 75, 24.10 W, 0x0000000000000001
2026/09/24 09:50:05.404, P0, 1740 MHz, 6101 MHz, 23 %, 75, 24.10 W, 0x0000000000000001
2026/09/24 09:50:05.655, P0, 1740 MHz, 6101 MHz, 25 %, 75, 24.10 W, 0x0000000000000001
2026/09/24 09:50:05.907, P0, 1740 MHz, 6101 MHz, 25 %, 75, 24.10 W, 0x0000000000000001
2026/09/24 09:50:06.158, P0, 1740 MHz, 6101 MHz, 24 %, 75, 24.02 W, 0x0000000000000001
2026/09/24 09:50:06.410, P0, 1740 MHz, 6101 MHz, 24 %, 75, 24.02 W, 0x0000000000000001
2026/09/24 09:50:06.662, P0, 1740 MHz, 6101 MHz, 23 %, 75, 24.25 W, 0x0000000000000001
2026/09/24 09:50:06.916, P0, 1740 MHz, 6101 MHz, 23 %, 75, 24.25 W, 0x0000000000000001
2026/09/24 09:50:07.169, P0, 1740 MHz, 6101 MHz, 25 %, 75, 24.27 W, 0x0000000000000001
2026/09/24 09:50:07.435, P0, 1740 MHz, 6101 MHz, 25 %, 75, 24.27 W, 0x0000000000000001
2026/09/24 09:50:07.686, P0, 1740 MHz, 6101 MHz, 25 %, 76, 24.33 W, 0x0000000000000001
2026/09/24 09:50:07.936, P0, 1740 MHz, 6101 MHz, 25 %, 76, 24.33 W, 0x0000000000000001
2026/09/24 09:50:08.201, P0, 1740 MHz, 6101 MHz, 23 %, 76, 23.92 W, 0x0000000000000001
2026/09/24 09:50:08.452, P0, 1740 MHz, 6101 MHz, 23 %, 76, 23.92 W, 0x0000000000000001
2026/09/24 09:50:08.703, P0, 1740 MHz, 6101 MHz, 24 %, 75, 23.98 W, 0x0000000000000001
2026/09/24 09:50:08.954, P0, 1740 MHz, 6101 MHz, 24 %, 75, 23.98 W, 0x0000000000000001
2026/09/24 09:50:09.209, P0, 1740 MHz, 6101 MHz, 24 %, 76, 23.99 W, 0x0000000000000001
2026/09/24 09:50:09.461, P0, 1740 MHz, 6101 MHz, 24 %, 76, 23.99 W, 0x0000000000000001
2026/09/24 09:50:09.714, P0, 1740 MHz, 6101 MHz, 22 %, 76, 23.70 W, 0x0000000000000001
2026/09/24 09:50:09.966, P0, 1740 MHz, 6101 MHz, 22 %, 76, 23.70 W, 0x0000000000000001
2026/09/24 09:50:10.219, P0, 1740 MHz, 6101 MHz, 26 %, 76, 24.76 W, 0x0000000000000001
2026/09/24 09:50:10.470, P0, 1740 MHz, 6101 MHz, 26 %, 76, 24.76 W, 0x0000000000000001
2026/09/24 09:50:10.734, P0, 1740 MHz, 6101 MHz, 27 %, 76, 24.42 W, 0x0000000000000001
2026/09/24 09:50:10.986, P0, 1740 MHz, 6101 MHz, 23 %, 76, 23.79 W, 0x0000000000000001
2026/09/24 09:50:11.240, P0, 1740 MHz, 6101 MHz, 23 %, 76, 23.79 W, 0x0000000000000001
2026/09/24 09:50:11.490, P0, 1740 MHz, 6101 MHz, 22 %, 76, 23.70 W, 0x0000000000000001
2026/09/24 09:50:11.755, P0, 1740 MHz, 6101 MHz, 22 %, 76, 23.70 W, 0x0000000000000001
2026/09/24 09:50:12.008, P0, 1740 MHz, 6101 MHz, 24 %, 76, 23.57 W, 0x0000000000000001
2026/09/24 09:50:12.261, P0, 1740 MHz, 6101 MHz, 24 %, 76, 23.57 W, 0x0000000000000001
2026/09/24 09:50:12.511, P0, 1740 MHz, 6101 MHz, 24 %, 76, 23.98 W, 0x0000000000000001
2026/09/24 09:50:12.764, P0, 1740 MHz, 6101 MHz, 24 %, 76, 23.98 W, 0x0000000000000001
2026/09/24 09:50:13.018, P0, 1740 MHz, 6101 MHz, 25 %, 76, 24.14 W, 0x0000000000000001
2026/09/24 09:50:13.284, P0, 1740 MHz, 6101 MHz, 25 %, 76, 24.14 W, 0x0000000000000001
2026/09/24 09:50:13.535, P0, 1740 MHz, 6101 MHz, 25 %, 76, 24.04 W, 0x0000000000000001
2026/09/24 09:50:13.799, P0, 1740 MHz, 6101 MHz, 25 %, 76, 24.04 W, 0x0000000000000001
2026/09/24 09:50:14.052, P0, 1740 MHz, 6101 MHz, 24 %, 76, 24.09 W, 0x0000000000000001
2026/09/24 09:50:14.318, P0, 1740 MHz, 6101 MHz, 24 %, 76, 24.09 W, 0x0000000000000001
2026/09/24 09:50:14.570, P0, 1740 MHz, 6101 MHz, 27 %, 76, 24.19 W, 0x0000000000000001
2026/09/24 09:50:14.824, P0, 1740 MHz, 6101 MHz, 27 %, 76, 24.19 W, 0x0000000000000001
2026/09/24 09:50:15.076, P0, 1740 MHz, 6101 MHz, 24 %, 76, 23.91 W, 0x0000000000000001
2026/09/24 09:50:15.327, P0, 1740 MHz, 6101 MHz, 24 %, 76, 23.91 W, 0x0000000000000001
2026/09/24 09:50:15.577, P0, 1740 MHz, 6101 MHz, 25 %, 76, 24.29 W, 0x0000000000000001
2026/09/24 09:50:15.844, P0, 1740 MHz, 6101 MHz, 25 %, 76, 24.29 W, 0x0000000000000001
2026/09/24 09:50:16.094, P0, 1740 MHz, 6101 MHz, 24 %, 76, 24.15 W, 0x0000000000000001
2026/09/24 09:50:16.347, P0, 1740 MHz, 6101 MHz, 24 %, 76, 24.15 W, 0x0000000000000001
2026/09/24 09:50:16.613, P0, 1740 MHz, 6101 MHz, 25 %, 76, 24.06 W, 0x0000000000000001
2026/09/24 09:50:16.865, P0, 1740 MHz, 6101 MHz, 25 %, 76, 24.06 W, 0x0000000000000001
2026/09/24 09:50:17.118, P0, 1740 MHz, 6101 MHz, 24 %, 76, 23.91 W, 0x0000000000000001
2026/09/24 09:50:17.370, P0, 1740 MHz, 6101 MHz, 24 %, 76, 23.91 W, 0x0000000000000001
2026/09/24 09:50:17.623, P0, 1740 MHz, 6101 MHz, 24 %, 76, 23.89 W, 0x0000000000000001
2026/09/24 09:50:17.876, P0, 1740 MHz, 6101 MHz, 24 %, 76, 23.89 W, 0x0000000000000001
2026/09/24 09:50:18.128, P0, 1740 MHz, 6101 MHz, 22 %, 76, 23.83 W, 0x0000000000000001
2026/09/24 09:50:18.380, P0, 1740 MHz, 6101 MHz, 22 %, 76, 23.83 W, 0x0000000000000001
2026/09/24 09:50:18.633, P0, 1740 MHz, 6101 MHz, 26 %, 76, 23.70 W, 0x0000000000000001
2026/09/24 09:50:18.885, P0, 1740 MHz, 6101 MHz, 26 %, 76, 23.70 W, 0x0000000000000001
2026/09/24 09:50:19.139, P0, 1740 MHz, 6101 MHz, 23 %, 76, 23.77 W, 0x0000000000000001
2026/09/24 09:50:19.394, P0, 1740 MHz, 6101 MHz, 23 %, 76, 23.77 W, 0x0000000000000001
2026/09/24 09:50:19.647, P0, 1740 MHz, 6101 MHz, 26 %, 76, 24.51 W, 0x0000000000000001
2026/09/24 09:50:19.898, P0, 1740 MHz, 6101 MHz, 26 %, 76, 24.51 W, 0x0000000000000001
2026/09/24 09:50:20.151, P0, 1740 MHz, 6101 MHz, 27 %, 76, 24.08 W, 0x0000000000000001
2026/09/24 09:50:20.417, P0, 1740 MHz, 6101 MHz, 27 %, 76, 24.08 W, 0x0000000000000001
2026/09/24 09:50:20.667, P0, 1740 MHz, 6101 MHz, 26 %, 76, 23.85 W, 0x0000000000000001
2026/09/24 09:50:20.919, P0, 1740 MHz, 6101 MHz, 26 %, 76, 23.85 W, 0x0000000000000001
2026/09/24 09:50:21.171, P0, 1740 MHz, 6101 MHz, 25 %, 75, 23.27 W, 0x0000000000000001
2026/09/24 09:50:21.424, P0, 1740 MHz, 6101 MHz, 25 %, 75, 23.27 W, 0x0000000000000001
2026/09/24 09:50:21.676, P0, 1740 MHz, 6101 MHz, 23 %, 75, 23.51 W, 0x0000000000000001
2026/09/24 09:50:21.928, P0, 1740 MHz, 6101 MHz, 23 %, 75, 23.51 W, 0x0000000000000001
2026/09/24 09:50:22.179, P0, 1740 MHz, 6101 MHz, 23 %, 76, 24.05 W, 0x0000000000000001
2026/09/24 09:50:22.431, P0, 1740 MHz, 6101 MHz, 23 %, 76, 24.05 W, 0x0000000000000001
2026/09/24 09:50:22.684, P0, 1740 MHz, 6101 MHz, 25 %, 76, 24.18 W, 0x0000000000000001
2026/09/24 09:50:22.946, P0, 1740 MHz, 6101 MHz, 25 %, 76, 24.18 W, 0x0000000000000001
2026/09/24 09:50:23.198, P0, 1740 MHz, 6101 MHz, 26 %, 75, 24.14 W, 0x0000000000000001
2026/09/24 09:50:23.463, P0, 1740 MHz, 6101 MHz, 26 %, 75, 24.14 W, 0x0000000000000001
2026/09/24 09:50:23.714, P0, 1740 MHz, 6101 MHz, 25 %, 75, 24.20 W, 0x0000000000000001
2026/09/24 09:50:23.966, P0, 1740 MHz, 6101 MHz, 25 %, 75, 24.20 W, 0x0000000000000001
2026/09/24 09:50:24.231, P0, 1740 MHz, 6101 MHz, 25 %, 75, 24.16 W, 0x0000000000000001
2026/09/24 09:50:24.483, P0, 1740 MHz, 6101 MHz, 25 %, 75, 24.16 W, 0x0000000000000001
2026/09/24 09:50:24.748, P0, 1740 MHz, 6101 MHz, 24 %, 75, 24.05 W, 0x0000000000000001
2026/09/24 09:50:24.998, P0, 1740 MHz, 6101 MHz, 25 %, 76, 24.14 W, 0x0000000000000001
2026/09/24 09:50:25.263, P0, 1740 MHz, 6101 MHz, 25 %, 76, 24.14 W, 0x0000000000000001
2026/09/24 09:50:25.529, P0, 1740 MHz, 6101 MHz, 25 %, 75, 24.19 W, 0x0000000000000001
2026/09/24 09:50:25.794, P0, 1740 MHz, 6101 MHz, 25 %, 75, 24.19 W, 0x0000000000000001
2026/09/24 09:50:26.044, P0, 1740 MHz, 6101 MHz, 26 %, 75, 24.19 W, 0x0000000000000001
2026/09/24 09:50:26.295, P0, 1740 MHz, 6101 MHz, 26 %, 75, 24.19 W, 0x0000000000000001
2026/09/24 09:50:26.561, P0, 1740 MHz, 6101 MHz, 26 %, 76, 24.04 W, 0x0000000000000001
2026/09/24 09:50:26.813, P0, 1740 MHz, 6101 MHz, 26 %, 76, 24.04 W, 0x0000000000000001
2026/09/24 09:50:27.068, P0, 1740 MHz, 6101 MHz, 23 %, 75, 23.83 W, 0x0000000000000001
2026/09/24 09:50:27.321, P0, 1740 MHz, 6101 MHz, 23 %, 75, 23.83 W, 0x0000000000000001
